code,name,date
000014,沙河股份,20260715
000036,华联控股,20260715
000049,德赛电池,20260715
000059,华锦股份,20260715
000407,胜利股份,20260715
000428,华天酒店,20260715
000503,国新健康,20260715
000524,岭南控股,20260715
000582,北部湾港,20260715
000595,新能股份,20260715
000601,韶能股份,20260715
000626,远大控股,20260715
000652,泰达股份,20260715
000688,国城矿业,20260715
000727,冠捷科技,20260715
000728,国元证券,20260715
000731,四川美丰,20260715
000755,山西高速,20260715
000767,晋控电力,20260715
000816,智慧农业,20260715
000859,国风新材,20260715
001260,坤泰股份,20260715
001325,元创股份,20260715
001330,博纳影业,20260715
001369,双欣材料,20260715
001373,翔腾新材,20260715
001391,国货航,20260715
002051,中工国际,20260715
002058,威尔泰,20260715
002086,东方海洋,20260715
002101,广东鸿图,20260715
002131,利欧股份,20260715
002133,广宇集团,20260715
002140,东华科技,20260715
002181,粤 传 媒,20260715
002187,广百股份,20260715
002188,中天服务,20260715
002195,岩山科技,20260715
002205,国统股份,20260715
002232,启明信息,20260715
002242,九阳股份,20260715
002245,蔚蓝锂芯,20260715
002252,上海莱士,20260715
002269,美邦服饰,20260715
002274,华昌化工,20260715
002301,齐心集团,20260715
002333,罗普斯金,20260715
002338,奥普光电,20260715
002362,汉王科技,20260715
002416,爱施德,20260715
002470,金正大,20260715
002495,佳隆股份,20260715
002571,德力股份,20260715
002579,中京电子,20260715
002614,奥佳华,20260715
002616,长青集团,20260715
002623,亚玛顿,20260715
002627,三峡旅游,20260715
002659,凯文教育,20260715
002671,龙泉股份,20260715
002672,东江环保,20260715
002697,红旗连锁,20260715
002712,思美传媒,20260715
002736,国信证券,20260715
002806,华锋股份,20260715
002821,凯莱英,20260715
002867,周大生,20260715
002876,三利谱,20260715
002889,东方嘉盛,20260715
002900,哈三联,20260715
002912,中新赛克,20260715
002961,瑞达期货,20260715
002989,中天精装,20260715
002991,甘源食品,20260715
003000,劲仔食品,20260715
003038,鑫铂股份,20260715
300031,宝通科技,20260715
300154,瑞凌股份,20260715
300177,中海达,20260715
300215,电科院,20260715
300223,北京君正,20260715
300234,开尔新材,20260715
300248,新开普,20260715
300263,隆华科技,20260715
300279,和晶科技,20260715
300316,晶盛机电,20260715
300370,安控科技,20260715
300384,三联虹普,20260715
300398,飞凯材料,20260715
300399,天利科技,20260715
300400,劲拓股份,20260715
300405,科隆股份,20260715
300406,九强生物,20260715
300411,金盾股份,20260715
300450,先导智能,20260715
300479,神思电子,20260715
300539,横河精密,20260715
300542,新晨科技,20260715
300611,美力科技,20260715
300620,光库科技,20260715
300640,德艺文创,20260715
300647,超频三,20260715
300692,中赋科技,20260715
300694,蠡湖股份,20260715
300708,聚灿光电,20260715
300713,英可瑞,20260715
300738,奥飞数据,20260715
300757,罗博特科,20260715
300771,智莱科技,20260715
300773,拉卡拉,20260715
300802,矩子科技,20260715
300808,久量股份,20260715
300810,中科海讯,20260715
300842,帝科股份,20260715
300856,科思股份,20260715
300858,科拓生物,20260715
300875,捷强装备,20260715
300876,蒙泰高新,20260715
300880,迦南智能,20260715
300884,狄耐克,20260715
300906,日月明,20260715
300960,通业科技,20260715
300961,深水海纳,20260715
300979,华利集团,20260715
300982,苏文电能,20260715
300998,宁波方正,20260715
300999,金龙鱼,20260715
301039,中集车辆,20260715
301073,君亭酒店,20260715
301110,青木科技,20260715
301123,奕东电子,20260715
301202,朗威股份,20260715
301206,三元生物,20260715
301356,天振股份,20260715
301377,鼎泰高科,20260715
301393,昊帆生物,20260715
301419,阿莱德,20260715
301500,飞南资源,20260715
301509,金凯生科,20260715
301529,福赛科技,20260715
301555,惠柏新材,20260715
301638,南网数字,20260715
600008,首创环保,20260715
600162,香江控股,20260715
600171,上海贝岭,20260715
600185,珠免集团,20260715
600267,海正药业,20260715
600272,开开实业,20260715
600333,长春燃气,20260715
600336,澳柯玛,20260715
600358,国旅联合,20260715
600499,科达制造,20260715
600538,国发股份,20260715
600540,新赛股份,20260715
600567,山鹰国际,20260715
600587,新华医疗,20260715
600664,哈药股份,20260715
600720,中交设计,20260715
600746,江苏索普,20260715
600748,上实发展,20260715
600819,耀皮玻璃,20260715
600824,益民集团,20260715
600825,新华传媒,20260715
600830,香溢融通,20260715
600841,动力新科,20260715
600850,电科数字,20260715
600960,渤海汽车,20260715
600983,惠而浦,20260715
601038,一拖股份,20260715
601298,青岛港,20260715
601636,旗滨集团,20260715
601778,晶科科技,20260715
603015,弘讯科技,20260715
603031,安孚科技,20260715
603067,XD振华股,20260715
603070,万控智造,20260715
603076,乐惠国际,20260715
603109,神驰机电,20260715
603150,万朗磁塑,20260715
603185,弘元绿能,20260715
603188,亚邦股份,20260715
603262,技源集团,20260715
603266,天龙股份,20260715
603313,梦百合,20260715
603326,我乐家居,20260715
603366,日出东方,20260715
603386,骏亚科技,20260715
603391,力聚热能,20260715
603407,长裕集团,20260715
603506,南都物业,20260715
603559,中通国脉,20260715
603569,长久物流,20260715
603686,福龙马,20260715
603688,石英股份,20260715
603776,永安行,20260715
603809,豪能股份,20260715
603856,东宏股份,20260715
603920,世运电路,20260715
603937,丽岛新材,20260715
605011,杭州热电,20260715
605179,一鸣食品,20260715
605300,佳禾食品,20260715
688065,凯赛生物,20260715
688077,大地熊,20260715
688108,赛诺医疗,20260715
688129,东来技术,20260715
688141,杰华特,20260715
688158,优刻得,20260715
688161,威高骨科,20260715
688216,气派科技,20260715
688228,开普云,20260715
688269,凯立新材,20260715
688280,精进电动,20260715
688307,中润光学,20260715
688323,瑞华泰,20260715
688332,中科蓝讯,20260715
688334,西高院,20260715
688368,晶丰明源,20260715
688378,奥来德,20260715
688582,芯动联科,20260715
688584,上海合晶,20260715
688586,江航装备,20260715
688597,煜邦电力,20260715
688628,优利德,20260715
688757,胜科纳米,20260715
688795,摩尔线程,20260715
688819,天能股份,20260715
