date,turnover,cost
2026-04-13,1.0,0.0015
2026-04-14,0.41483600155736755,0.0006222540023360513
2026-04-15,0.6077679791042094,0.0009116519686563142
2026-04-16,0.8036467597314289,0.0012054701395971432
2026-04-17,1.0000925262499034,0.0015001387893748552
2026-04-20,1.006337081525426,0.001509505622288139
2026-04-21,0.6054697668116832,0.0009082046502175248
2026-04-22,0.6101089242462727,0.0009151633863694091
2026-04-23,0.6106277148222415,0.0009159415722333623
2026-04-24,0.4143892435942257,0.0006215838653913385
2026-04-27,0.6187394033636813,0.000928109105045522
2026-04-28,0.4340919739568837,0.0006511379609353255
2026-04-29,0.6279227344814536,0.0009418841017221805
2026-04-30,0.8046602561936436,0.0012069903842904654
2026-05-06,0.6126533695409833,0.0009189800543114749
2026-05-07,0.4119123869353414,0.000617868580403012
2026-05-08,0.4056283264499109,0.0006084424896748664
2026-05-11,0.6103289828074348,0.0009154934742111522
2026-05-12,0.8245260110196028,0.0012367890165294042
2026-05-13,0.4194896565567055,0.0006292344848350583
2026-05-14,0.8039072184295801,0.0012058608276443701
2026-05-15,0.6055306580918263,0.0009082959871377394
2026-05-18,0.4255862581136688,0.0006383793871705032
2026-05-19,1.2060882679300453,0.001809132401895068
2026-05-20,1.2042097984656368,0.0018063146976984553
2026-05-21,0.6076026683150619,0.0009114040024725929
2026-05-22,0.8083714665500218,0.0012125571998250328
2026-05-25,0.8156803692139826,0.001223520553820974
2026-05-26,1.0080532500775203,0.0015120798751162806
2026-05-27,1.0029561572254209,0.0015044342358381314
2026-05-28,0.8023120436017044,0.0012034680654025567
2026-05-29,1.2151559449206153,0.001822733917380923
2026-06-01,0.8114191645849371,0.0012171287468774057
2026-06-02,0.6078765005265594,0.0009118147507898391
2026-06-03,0.4229912914035087,0.000634486937105263
2026-06-04,0.4120765484281327,0.0006181148226421991
2026-06-05,0.21660207353151445,0.00032490311029727167
2026-06-08,0.8170233879506444,0.0012255350819259667
2026-06-09,0.4023983725575434,0.0006035975588363151
2026-06-10,0.6076042796723906,0.000911406419508586
2026-06-11,0.616508716364676,0.000924763074547014
2026-06-12,0.6109316036999635,0.0009163974055499452
2026-06-15,0.6111314088784325,0.0009166971133176488
2026-06-16,0.8206458812304017,0.0012309688218456027
2026-06-17,1.0050931000233252,0.0015076396500349877
2026-06-18,0.6119292211739789,0.0009178938317609683
2026-06-22,0.8016378299002905,0.0012024567448504359
2026-06-23,1.0246179528662513,0.0015369269292993771
2026-06-24,0.6109345406368341,0.0009164018109552511
2026-06-25,0.6078200756632466,0.0009117301134948699
2026-06-26,0.6116285518391971,0.0009174428277587956
2026-06-29,0.8155860429722543,0.0012233790644583815
2026-06-30,1.008846379766014,0.0015132695696490211
2026-07-01,0.8076782057937224,0.0012115173086905836
2026-07-02,0.8073830668723759,0.0012110746003085638
2026-07-03,0.40723860531942396,0.0006108579079791359
2026-07-06,0.6112304641470052,0.0009168456962205078
2026-07-07,0.20881121540929867,0.000313216823113948
2026-07-08,0.21245516603037753,0.00031868274904556633
2026-07-09,0.4141259579535851,0.0006211889369303776
2026-07-10,0.803038259223666,0.001204557388835499
2026-07-13,1.2000000000000002,0.0018000000000000004
2026-07-14,0.608068055372686,0.0009121020830590291
2026-07-15,1.0108732293993299,0.0015163098440989949
2026-07-16,1.0150713444123913,0.001522607016618587
2026-07-17,0.42357472133777613,0.0006353620820066643
2026-07-20,0.8430966364206174,0.001264644954630926
2026-07-21,0.8116649041842252,0.0012174973562763378
2026-07-22,0.6143804872840042,0.0009215707309260063
2026-07-23,0.6158796612670248,0.0009238194919005371
2026-07-24,0.8106290483045149,0.0012159435724567722
2026-07-27,0.607183748397258,0.000910775622595887
2026-07-28,0.6176693451627657,0.0009265040177441486
2026-07-29,0.621590186306365,0.0009323852794595475
2026-07-30,0.41706863083059287,0.0006256029462458893
2026-07-31,0.6092699205093464,0.0009139048807640195
2026-08-03,0.42509553453726534,0.000637643301805898
2026-08-04,0.22879609735187428,0.00034319414602781143
2026-08-05,0.21153527494955005,0.00031730291242432505
2026-08-06,0.613223271931147,0.0009198349078967205
2026-08-07,0.21404845585101873,0.0003210726837765281
2026-08-10,1.0080673904221453,0.001512101085633218
2026-08-11,1.003301141018465,0.0015049517115276975
2026-08-12,1.0,0.0015
2026-08-13,0.8123322971044271,0.0012184984456566406
2026-08-14,1.0105794533259367,0.001515869179988905
2026-08-17,1.0119740550095553,0.001517961082514333
2026-08-18,1.203840258673448,0.001805760388010172
2026-08-19,1.0088062911219149,0.0015132094366828723
2026-08-20,1.0064398333481765,0.0015096597500222648
2026-08-21,0.6033532806660975,0.0009050299209991463
2026-08-24,0.8214932370399012,0.001232239855559852
2026-08-25,0.40622221145326987,0.0006093333171799048
2026-08-26,0.806739964260433,0.0012101099463906497
2026-08-27,0.4269898924216874,0.0006404848386325311
2026-08-28,1.6,0.0024000000000000002
2026-08-31,1.4020474980259623,0.0021030712470389433
2026-09-01,1.2095132972988245,0.0018142699459482367
2026-09-02,1.006230792381265,0.0015093461885718976
2026-09-03,0.6009156356826162,0.0009013734535239243
2026-09-04,0.6105829508783771,0.0009158744263175657
2026-09-07,0.838908762205221,0.0012583631433078315
2026-09-08,1.216799989102041,0.0018251999836530614
2026-09-09,0.41594224458647727,0.0006239133668797159
2026-09-10,1.0072747764923609,0.0015109121647385413
2026-09-11,0.4045479021530364,0.0006068218532295546
2026-09-14,0.6157955823853538,0.0009236933735780308
2026-09-15,1.2076688008651564,0.0018115032012977347
2026-09-16,0.8094467804681379,0.0012141701707022068
