date,ic
2026-04-13,-0.06643234438020709
2026-04-14,0.11045830974987471
2026-04-15,-0.015450906026127267
2026-04-16,-0.10707335310613338
2026-04-17,0.18648715849080594
2026-04-20,-0.12069124499478946
2026-04-21,-0.21473768052012027
2026-04-22,-0.02392122829915198
2026-04-23,0.17498754212772263
2026-04-24,0.20495418498328827
2026-04-27,-0.128573385232315
2026-04-28,0.19440248651987463
2026-04-29,0.054165898472614486
2026-04-30,-0.0792084892767425
2026-05-06,0.05869605297201626
2026-05-07,0.1999945743687608
2026-05-08,-0.21395899651545502
2026-05-11,-0.14071853685170546
2026-05-12,0.05951722490049423
2026-05-13,0.043369198661211035
2026-05-14,0.13453048496276374
2026-05-15,-0.04369796591346255
2026-05-18,0.14075726207908681
2026-05-19,-0.22557422713186284
2026-05-20,0.098143803354251
2026-05-21,-0.15210046407956535
2026-05-22,-0.2665004914671638
2026-05-25,0.14250635864580105
2026-05-26,-0.2101980615254952
2026-05-27,0.03700701006016392
2026-05-28,-0.0322777415484182
2026-05-29,0.30208137718524375
2026-06-01,-0.23940653134741832
2026-06-02,0.14111121998209103
2026-06-03,0.04665718499789297
2026-06-04,0.17140325680535087
2026-06-05,-0.01707437842393595
2026-06-08,-0.012791841540046834
2026-06-09,0.04405504009172282
2026-06-10,0.06043803658096686
2026-06-11,0.21769974952035115
2026-06-12,-0.10204819114593393
2026-06-15,0.01970346560811395
2026-06-16,-0.3472551483499774
2026-06-17,0.0758649588772042
2026-06-18,0.039512428953503057
2026-06-22,0.22396503993336708
2026-06-23,-0.4361445808520972
2026-06-24,-0.3600525707254659
2026-06-25,0.018033089987934438
2026-06-26,0.07029972795895824
2026-06-29,0.028871162260631602
2026-06-30,0.2631356043842048
2026-07-01,0.28804784266261707
2026-07-02,0.33559051867782036
2026-07-03,-0.047725578712709556
2026-07-06,-0.10619579972388733
2026-07-07,0.24230318240516252
2026-07-08,-0.03952099657617896
2026-07-09,0.2635309375081575
2026-07-10,-0.15526337968815848
2026-07-13,-0.014601777603129714
2026-07-14,-0.004129272188783855
2026-07-15,0.08790359029038833
2026-07-16,-0.21784514214348902
2026-07-17,-0.2648500130900141
2026-07-20,0.4819175310570993
2026-07-21,-0.3511936415370396
2026-07-22,0.2028919624136086
2026-07-23,0.117671785541412
2026-07-24,0.3574753364610682
2026-07-27,-0.25069664589181395
2026-07-28,-0.011053000726668585
2026-07-29,-0.4768239622260096
2026-07-30,0.43941510561251595
2026-07-31,0.03848824113807566
2026-08-03,0.3559574165526448
2026-08-04,0.4350923272650097
2026-08-05,0.3869043025583369
2026-08-06,0.08957688699477048
2026-08-07,-0.08788403073220667
2026-08-10,0.03848943736483434
2026-08-11,0.15241452985384737
2026-08-12,0.040931332138296944
2026-08-13,0.30540652570760346
2026-08-14,0.29201973049940416
2026-08-17,0.09399227766816912
2026-08-18,0.23856120754499135
2026-08-19,0.10654751322583636
2026-08-20,0.34211948705959677
2026-08-21,-0.08498427182383893
2026-08-24,0.006687740564550319
2026-08-25,-0.13982637469187972
2026-08-26,0.20191779962140172
2026-08-27,-0.08418371110476941
2026-08-28,0.046873584312844586
2026-08-31,-0.18242094154297478
2026-09-01,0.18956168121671138
2026-09-02,0.06450335075106299
2026-09-03,-0.04586880015031846
2026-09-04,-0.14946746888219758
2026-09-07,-0.13110429483417368
2026-09-08,0.10771209000859996
2026-09-09,0.0054382967449441615
2026-09-10,0.13197185814618026
2026-09-11,0.23527289138985838
2026-09-14,0.06786244619809527
2026-09-15,0.26545001802535756
2026-09-16,0.2640854956536391
